,District,Name,Party,Votes,Won,Year
0,1st  SENATE DISTRICT,Gregory-John Fischer,DEM,47813,False,2016
1,1st  SENATE DISTRICT,Kenneth P. La Valle,REP,94756,True,2016
2,2nd  SENATE DISTRICT,Peter N. Magistrale,DEM,47623,False,2016
3,2nd  SENATE DISTRICT,John J. Flanagan,REP,91172,True,2016
4,2nd  SENATE DISTRICT,Stephen Ruth,LBT,5505,False,2016
5,3rd  SENATE DISTRICT,"John M. De Vito, Jr.",DEM,46108,False,2016
6,3rd  SENATE DISTRICT,Thomas D. Croci,REP,65713,True,2016
7,3rd  SENATE DISTRICT,Joseph L. Fritz,WEP,1363,False,2016
8,4th  SENATE DISTRICT,John R. Alberts,DEM,45232,False,2016
9,4th  SENATE DISTRICT,Philip M. Boyle,REP,76411,True,2016
10,5th  SENATE DISTRICT,James F. Gaughran,DEM,72265,False,2016
11,5th  SENATE DISTRICT,Carl L. Marcellino,REP,74026,True,2016
12,6th  SENATE DISTRICT,Ryan E. Cronin,DEM,61525,False,2016
13,6th  SENATE DISTRICT,Kemp Hannon,REP,71623,True,2016
14,7th  SENATE DISTRICT,Adam M. Haber,DEM,66604,False,2016
15,7th  SENATE DISTRICT,Elaine R. Phillips,REP,69881,True,2016
16,8th  SENATE DISTRICT,John E. Brooks,DEM,68599,True,2016
17,8th  SENATE DISTRICT,Michael Venditto,REP,68285,False,2016
18,9th  SENATE DISTRICT,Todd D. Kaminsky,DEM,75739,True,2016
19,9th  SENATE DISTRICT,Christopher T. McGrath,REP,69217,False,2016
20,9th  SENATE DISTRICT,Laurence S. Hirsh,GRN,1565,False,2016
21,10th  SENATE DISTRICT,"James Sanders, Jr.",DEM,84582,True,2016
22,10th  SENATE DISTRICT,Adrienne E. Adams,WEP,3054,False,2016
23,11th  SENATE DISTRICT,Tony Avella,DEM,72520,True,2016
24,11th  SENATE DISTRICT,Mark Cipolla,REP,31797,False,2016
25,12th  SENATE DISTRICT,Michael N. Gianaris,DEM,82328,True,2016
26,12th  SENATE DISTRICT,Marvin R. Jeffcoat,REP,13409,False,2016
27,13th  SENATE DISTRICT,Jose R. Peralta,DEM,59896,True,2016
28,13th  SENATE DISTRICT,Jesus Gonzalez,REP,9162,False,2016
29,14th  SENATE DISTRICT,"Leroy G. Comrie, Jr.",DEM,97578,True,2016
30,14th  SENATE DISTRICT,Jarret N. Freeman,REP,8364,False,2016
31,15th  SENATE DISTRICT,"Joseph P. Addabbo, Jr.",DEM,62460,True,2016
32,15th  SENATE DISTRICT,Michael Conigliaro,REP,35691,False,2016
33,16th  SENATE DISTRICT,Toby Ann Stavisky,DEM,52495,True,2016
34,16th  SENATE DISTRICT,Carlos G. Giron,REP,14856,False,2016
35,17th  SENATE DISTRICT,Simcha Felder,DEM,63002,True,2016
36,18th  SENATE DISTRICT,Martin Malave Dilan,DEM,87613,True,2016
37,19th  SENATE DISTRICT,Roxanne J. Persaud,DEM,90219,True,2016
38,20th  SENATE DISTRICT,Jesse E. Hamilton,DEM,90272,True,2016
39,20th  SENATE DISTRICT,Menachem M. Raitport,REP,5706,False,2016
40,21st  SENATE DISTRICT,Kevin S. Parker,DEM,109682,True,2016
41,21st  SENATE DISTRICT,Brian W. Kelly,CON,4256,False,2016
42,22nd  SENATE DISTRICT,Martin J. Golden,REP,62033,True,2016
43,23rd  SENATE DISTRICT,Diane J. Savino,DEM,63866,True,2016
44,24th  SENATE DISTRICT,Andrew J. Lanza,REP,107357,True,2016
45,25th  SENATE DISTRICT,Velmanette Montgomery,DEM,114943,True,2016
46,25th  SENATE DISTRICT,Mamie Rose,REP,3896,False,2016
47,25th  SENATE DISTRICT,Michael G. Cox,IND,4247,False,2016
48,26th  SENATE DISTRICT,Daniel Squadron,DEM,95462,True,2016
49,27th  SENATE DISTRICT,Brad M. Hoylman,DEM,118371,True,2016
50,27th  SENATE DISTRICT,Stephen Roberts,RPP,5317,False,2016
51,28th  SENATE DISTRICT,Liz Krueger,DEM,101117,True,2016
52,28th  SENATE DISTRICT,Michael Zumbluskas,REP,33788,False,2016
53,29th  SENATE DISTRICT,Jose M. Serrano,DEM,56194,True,2016
54,29th  SENATE DISTRICT,Jose A. Colon,REP,6158,False,2016
55,29th  SENATE DISTRICT,Linda Ortiz,CON,1752,False,2016
56,30th  SENATE DISTRICT,Bill Perkins,DEM,113144,True,2016
57,30th  SENATE DISTRICT,Jon Girodes,REP,5619,False,2016
58,31st  SENATE DISTRICT,Marisol Alcantara,DEM,97964,True,2016
59,31st  SENATE DISTRICT,Melinda Crump,REP,8719,False,2016
60,31st  SENATE DISTRICT,John Toro,CON,1368,False,2016
61,31st  SENATE DISTRICT,Julia Willebrand,GRN,6400,False,2016
62,32nd  SENATE DISTRICT,"Ruben Diaz, Sr.",DEM,79574,True,2016
63,32nd  SENATE DISTRICT,Oswald Denis,CON,2292,False,2016
64,33rd  SENATE DISTRICT,J. Gustavo Rivera,DEM,61953,True,2016
65,33rd  SENATE DISTRICT,Steven M. Stern,CON,1340,False,2016
66,34th  SENATE DISTRICT,Jeffrey D. Klein,DEM,80998,True,2016
67,34th  SENATE DISTRICT,Aleksander Mici,CON,6080,False,2016
68,34th  SENATE DISTRICT,Carl Lundgren,GRN,2686,False,2016
69,35th  SENATE DISTRICT,Andrea Stewart-Cousins,DEM,94864,True,2016
70,36th  SENATE DISTRICT,Jamaal T. Bailey,DEM,88233,True,2016
71,36th  SENATE DISTRICT,Robert Diamond,CON,2456,False,2016
72,37th  SENATE DISTRICT,George Latimer,DEM,73116,True,2016
73,37th  SENATE DISTRICT,Julia P. Killian,REP,58164,False,2016
74,38th  SENATE DISTRICT,David Carlucci,DEM,77317,True,2016
75,38th  SENATE DISTRICT,Thomas F. DePrisco,REP,41612,False,2016
76,39th  SENATE DISTRICT,Christopher W. Eachus,DEM,47641,False,2016
77,39th  SENATE DISTRICT,"William J. Larkin, Jr.",REP,65031,True,2016
78,40th  SENATE DISTRICT,Alison Boak,DEM,58737,False,2016
79,40th  SENATE DISTRICT,Terrence P. Murphy,REP,80312,True,2016
80,41st  SENATE DISTRICT,Terry Gipson,DEM,58616,False,2016
81,41st  SENATE DISTRICT,Susan J. Serino,REP,72942,True,2016
82,42nd  SENATE DISTRICT,Pramilla S. Malick,DEM,43667,False,2016
83,42nd  SENATE DISTRICT,John J. Bonacic,REP,68502,True,2016
84,43rd  SENATE DISTRICT,Shaun P. Francis,DEM,50660,False,2016
85,43rd  SENATE DISTRICT,Kathleen A. Marchione,REP,85057,True,2016
86,43rd  SENATE DISTRICT,Joseph Levy,GRN,3330,False,2016
87,44th  SENATE DISTRICT,Neil D. Breslin,DEM,77809,True,2016
88,44th  SENATE DISTRICT,Christopher F. Davis,REP,33094,False,2016
89,44th  SENATE DISTRICT,Deyva Arthur,GRN,2498,False,2016
90,45th  SENATE DISTRICT,Elizabeth O'C. Little,REP,92717,True,2016
91,45th  SENATE DISTRICT,Stephen Matthew Ruzbacki,GRN,12553,False,2016
92,46th  SENATE DISTRICT,Sara K. Niccoli,DEM,50072,False,2016
93,46th  SENATE DISTRICT,"George A. Amedore, Jr.",REP,84716,True,2016
94,47th  SENATE DISTRICT,Joseph A. Griffo,REP,87254,True,2016
95,48th  SENATE DISTRICT,Patricia A. Ritchie,REP,86807,True,2016
96,49th  SENATE DISTRICT,Chad Putman,DEM,38884,False,2016
97,49th  SENATE DISTRICT,James N. Tedisco,REP,87056,True,2016
98,50th  SENATE DISTRICT,John A. DeFrancisco,REP,110089,True,2016
99,51st  SENATE DISTRICT,Jermaine Bagnall-Graham,DEM,31990,False,2016
100,51st  SENATE DISTRICT,James L. Seward,REP,84726,True,2016
101,52nd  SENATE DISTRICT,Sharon Ball,DEM,30571,False,2016
102,52nd  SENATE DISTRICT,"Frederick J. Akshar, II",REP,89180,True,2016
103,53rd  SENATE DISTRICT,David J. Valesky,DEM,82524,True,2016
104,54th  SENATE DISTRICT,Kenan S. Baldridge,DEM,40739,False,2016
105,54th  SENATE DISTRICT,Pamela A. Helming,REP,74175,True,2016
106,54th  SENATE DISTRICT,Floyd Rayburn,REF,8350,False,2016
107,55th  SENATE DISTRICT,Rich Funke,REP,101334,True,2016
108,56th  SENATE DISTRICT,Ann C. Lewis,DEM,42764,False,2016
109,56th  SENATE DISTRICT,Joseph E. Robach,REP,73574,True,2016
110,57th  SENATE DISTRICT,Lee Hyson,DEM,19136,False,2016
111,57th  SENATE DISTRICT,Catharine M. Young,REP,93320,True,2016
112,58th  SENATE DISTRICT,Leslie Danks Burke,DEM,52488,False,2016
113,58th  SENATE DISTRICT,Thomas F. O'Mara,REP,63270,True,2016
114,59th  SENATE DISTRICT,Tom Casey,DEM,37675,False,2016
115,59th  SENATE DISTRICT,Patrick M. Gallivan,REP,100293,True,2016
116,60th  SENATE DISTRICT,Amber A. Small,DEM,51036,False,2016
117,60th  SENATE DISTRICT,Christopher L. Jacobs,REP,77327,True,2016
118,60th  SENATE DISTRICT,James V. Depasquale,GRN,2835,False,2016
119,61st  SENATE DISTRICT,Thomas A. Loughran,DEM,53363,False,2016
120,61st  SENATE DISTRICT,Michael H. Ranzenhofer,REP,75255,True,2016
121,61st  SENATE DISTRICT,"Ruben Cartagena, Jr.",GRN,2012,False,2016
122,62nd  SENATE DISTRICT,Robert G. Ortt,REP,89390,True,2016
123,63rd  SENATE DISTRICT,Timothy M. Kennedy,DEM,89650,True,2016
0,1st  ASSEMBLY DISTRICT,"Fred W. Thiele, Jr.",DEM,35246,True,2016
1,1st  ASSEMBLY DISTRICT,Heather C. Collins,REP,21280,False,2016
2,2nd  ASSEMBLY DISTRICT,Michael L. Conroy,DEM,19575,False,2016
3,2nd  ASSEMBLY DISTRICT,Anthony H. Palumbo,REP,39795,True,2016
4,3rd  ASSEMBLY DISTRICT,Gregory D. Schoen,DEM,17404,False,2016
5,3rd  ASSEMBLY DISTRICT,Dean Murray,REP,29087,True,2016
6,4th  ASSEMBLY DISTRICT,Steven Englebright,DEM,31941,True,2016
7,4th  ASSEMBLY DISTRICT,Steven Weissbard,REP,21994,False,2016
8,5th  ASSEMBLY DISTRICT,Deborah L. Slinkosky,DEM,18313,False,2016
9,5th  ASSEMBLY DISTRICT,Alfred C. Graf,REP,33384,True,2016
10,5th  ASSEMBLY DISTRICT,James Smith,LBT,824,False,2016
11,6th  ASSEMBLY DISTRICT,Philip Ramos,DEM,26820,True,2016
12,7th  ASSEMBLY DISTRICT,Nickolas R. Gambini,DEM,18653,False,2016
13,7th  ASSEMBLY DISTRICT,Andrew R. Garbarino,REP,38235,True,2016
14,8th  ASSEMBLY DISTRICT,Richard S. Macellaro,DEM,19121,False,2016
15,8th  ASSEMBLY DISTRICT,Michael J. Fitzpatrick,REP,43286,True,2016
16,9th  ASSEMBLY DISTRICT,Brendan J. Cunningham,DEM,18841,False,2016
17,9th  ASSEMBLY DISTRICT,Joseph S. Saladino,REP,41341,True,2016
18,10th  ASSEMBLY DISTRICT,Edwin Perez,DEM,23923,False,2016
19,10th  ASSEMBLY DISTRICT,Chad A. Lupinacci,REP,32671,True,2016
20,11th  ASSEMBLY DISTRICT,Kimberly Jean-Pierre,DEM,26129,True,2016
21,11th  ASSEMBLY DISTRICT,Shawn Cullinane,REP,17369,False,2016
22,12th  ASSEMBLY DISTRICT,Spencer B. Rumsey,DEM,21243,False,2016
23,12th  ASSEMBLY DISTRICT,Andrew P. Raia,REP,39021,True,2016
24,13th  ASSEMBLY DISTRICT,Charles D. Lavine,DEM,34314,True,2016
25,13th  ASSEMBLY DISTRICT,Jeffrey S. Vitale,REP,19735,False,2016
26,13th  ASSEMBLY DISTRICT,Jeffery J. Peress,GRN,648,False,2016
27,14th  ASSEMBLY DISTRICT,Michael F. Reid,DEM,23605,False,2016
28,14th  ASSEMBLY DISTRICT,David G. McDonough,REP,40051,True,2016
29,15th  ASSEMBLY DISTRICT,Dean E. Hart,DEM,25381,False,2016
30,15th  ASSEMBLY DISTRICT,Michael A. Montesano,REP,31816,True,2016
31,16th  ASSEMBLY DISTRICT,Anthony D'Urso,DEM,29606,True,2016
32,16th  ASSEMBLY DISTRICT,Matthew Varvaro,REP,27118,False,2016
33,17th  ASSEMBLY DISTRICT,Matthew W. Malin,DEM,21581,False,2016
34,17th  ASSEMBLY DISTRICT,Thomas McKevitt,REP,36147,True,2016
35,18th  ASSEMBLY DISTRICT,Earlene Hooper,DEM,37011,True,2016
36,18th  ASSEMBLY DISTRICT,Cornelius Todd Smith,REP,5030,False,2016
37,19th  ASSEMBLY DISTRICT,Gary B. Port,DEM,21611,False,2016
38,19th  ASSEMBLY DISTRICT,Edward P. Ra,REP,34648,True,2016
39,20th  ASSEMBLY DISTRICT,Anthony P. Eramo,DEM,26177,False,2016
40,20th  ASSEMBLY DISTRICT,Melissa L. Miller,REP,29026,True,2016
41,21st  ASSEMBLY DISTRICT,Travis P. Bourgeois,DEM,25402,False,2016
42,21st  ASSEMBLY DISTRICT,Brian F. Curran,REP,34205,True,2016
43,22nd  ASSEMBLY DISTRICT,Michaelle C. Solages,DEM,36961,True,2016
44,22nd  ASSEMBLY DISTRICT,Robert M. Bogle,REP,18751,False,2016
45,23rd  ASSEMBLY DISTRICT,Stacey G. Pheffer Amato,DEM,27042,True,2016
46,23rd  ASSEMBLY DISTRICT,Alan N. Zwirn,REP,12836,False,2016
47,24th  ASSEMBLY DISTRICT,David I. Weprin,DEM,30036,True,2016
48,24th  ASSEMBLY DISTRICT,Ira I. Harris,REP,6304,False,2016
49,25th  ASSEMBLY DISTRICT,Nily D. Rozic,DEM,22143,True,2016
50,25th  ASSEMBLY DISTRICT,Usman Ali Chohan,REP,6856,False,2016
51,26th  ASSEMBLY DISTRICT,Edward C. Braunstein,DEM,33255,True,2016
52,27th  ASSEMBLY DISTRICT,Michael A. Simanowitz,DEM,32194,True,2016
53,28th  ASSEMBLY DISTRICT,Andrew D. Hevesi,DEM,32910,True,2016
54,29th  ASSEMBLY DISTRICT,Alicia L. Hyndman,DEM,41586,True,2016
55,30th  ASSEMBLY DISTRICT,Brian Barnwell,DEM,24452,True,2016
56,30th  ASSEMBLY DISTRICT,Anthony P. Nunziato,REP,11542,False,2016
57,31st  ASSEMBLY DISTRICT,Michele R. Titus,DEM,32132,True,2016
58,32nd  ASSEMBLY DISTRICT,Vivian E. Cook,DEM,39305,True,2016
59,33rd  ASSEMBLY DISTRICT,Clyde Vanel,DEM,40212,True,2016
60,33rd  ASSEMBLY DISTRICT,Goldy-Francois Wellington,REP,4450,False,2016
61,33rd  ASSEMBLY DISTRICT,Leroy Gadsden,NIP,914,False,2016
62,34th  ASSEMBLY DISTRICT,Michael G. DenDekker,DEM,24161,True,2016
63,35th  ASSEMBLY DISTRICT,Jeffrion L. Aubry,DEM,22310,True,2016
64,36th  ASSEMBLY DISTRICT,Aravella Simotas,DEM,36212,True,2016
65,37th  ASSEMBLY DISTRICT,Catherine T. Nolan,DEM,34835,True,2016
66,38th  ASSEMBLY DISTRICT,Michael G. Miller,DEM,23958,True,2016
67,38th  ASSEMBLY DISTRICT,Joseph Maldonado,REP,5795,False,2016
68,39th  ASSEMBLY DISTRICT,Francisco P. Moya,DEM,20083,True,2016
69,40th  ASSEMBLY DISTRICT,Ron Kim,DEM,16479,True,2016
70,40th  ASSEMBLY DISTRICT,Miriam M. Rodriquez,REP,5419,False,2016
71,41st  ASSEMBLY DISTRICT,Helene E. Weinstein,DEM,28316,True,2016
72,41st  ASSEMBLY DISTRICT,Ramona Johnson,REP,7828,False,2016
73,42nd  ASSEMBLY DISTRICT,Rodneyse Bichotte,DEM,34379,True,2016
74,42nd  ASSEMBLY DISTRICT,Matthew Williams,REP,3562,False,2016
75,43rd  ASSEMBLY DISTRICT,Diana Richardson,DEM,39474,True,2016
76,44th  ASSEMBLY DISTRICT,Robert C. Carroll,DEM,34779,True,2016
77,44th  ASSEMBLY DISTRICT,Glenn Nocera,REP,5921,False,2016
78,45th  ASSEMBLY DISTRICT,Steven Cymbrowitz,DEM,17895,True,2016
79,45th  ASSEMBLY DISTRICT,Boris Gintchanski,CON,4692,False,2016
80,46th  ASSEMBLY DISTRICT,Pamela Harris,DEM,20061,True,2016
81,46th  ASSEMBLY DISTRICT,Lucretia Regina-Potter,REP,11807,False,2016
82,46th  ASSEMBLY DISTRICT,Mikhail Usher,CON,1699,False,2016
83,46th  ASSEMBLY DISTRICT,Patrick Dwyer,GRN,1252,False,2016
84,47th  ASSEMBLY DISTRICT,William Colton,DEM,18872,True,2016
85,47th  ASSEMBLY DISTRICT,Malka Shahar,CON,2416,False,2016
86,48th  ASSEMBLY DISTRICT,Dov Hikind,DEM,23118,True,2016
87,49th  ASSEMBLY DISTRICT,"Peter J. Abbate, Jr.",DEM,13824,True,2016
88,49th  ASSEMBLY DISTRICT,Rosemary A.  Mangino,REP,4474,False,2016
89,50th  ASSEMBLY DISTRICT,Joseph R. Lentol,DEM,33290,True,2016
90,51st  ASSEMBLY DISTRICT,Felix W. Ortiz,DEM,24181,True,2016
91,51st  ASSEMBLY DISTRICT,Henry Lallave,REP,3288,False,2016
92,52nd  ASSEMBLY DISTRICT,Jo Anne Simon,DEM,57578,True,2016
93,52nd  ASSEMBLY DISTRICT,Daniel Ramos,REP,5146,False,2016
94,53rd  ASSEMBLY DISTRICT,Maritza Davila,DEM,35394,True,2016
95,54th  ASSEMBLY DISTRICT,Erik Martin Dilan,DEM,29152,True,2016
96,54th  ASSEMBLY DISTRICT,Khorshed A. Chowdhury,REP,1513,False,2016
97,55th  ASSEMBLY DISTRICT,Latrice M. Walker,DEM,35352,True,2016
98,55th  ASSEMBLY DISTRICT,Berneda W. Jackson,REP,869,False,2016
99,56th  ASSEMBLY DISTRICT,Tremaine S. Wright,DEM,41836,True,2016
100,57th  ASSEMBLY DISTRICT,"Walter T. Mosley, III",DEM,55058,True,2016
101,58th  ASSEMBLY DISTRICT,N. Nick Perry,DEM,40712,True,2016
102,59th  ASSEMBLY DISTRICT,Jaime R. Williams,DEM,33329,True,2016
103,59th  ASSEMBLY DISTRICT,Jeffrey J. Ferretti,REP,9348,False,2016
104,60th  ASSEMBLY DISTRICT,Charles Barron,DEM,37051,True,2016
105,60th  ASSEMBLY DISTRICT,Ernest Johnson,CON,1343,False,2016
106,61st  ASSEMBLY DISTRICT,Matthew J. Titone,DEM,31750,True,2016
107,62nd  ASSEMBLY DISTRICT,"Ronald  Castorina, Jr.",REP,44451,True,2016
108,63rd  ASSEMBLY DISTRICT,Michael J. Cusick,DEM,34559,True,2016
109,64th  ASSEMBLY DISTRICT,Nicole Malliotakis,REP,34533,True,2016
110,65th  ASSEMBLY DISTRICT,Yuh-Line Niou,DEM,29716,True,2016
111,65th  ASSEMBLY DISTRICT,Bryan Jung,REP,5761,False,2016
112,65th  ASSEMBLY DISTRICT,Manny Cavaco,GRN,1348,False,2016
113,65th  ASSEMBLY DISTRICT,Alice Cancel,WEP,2171,False,2016
114,66th  ASSEMBLY DISTRICT,Deborah J. Glick,DEM,50531,True,2016
115,67th  ASSEMBLY DISTRICT,Linda B. Rosenthal,DEM,52482,True,2016
116,67th  ASSEMBLY DISTRICT,Hyman Drusin,REP,8510,False,2016
117,68th  ASSEMBLY DISTRICT,Robert J. Rodriguez,DEM,38759,True,2016
118,68th  ASSEMBLY DISTRICT,Daby Carreras,REP,3920,False,2016
119,69th  ASSEMBLY DISTRICT,Daniel J. O'Donnell,DEM,49526,True,2016
120,69th  ASSEMBLY DISTRICT,Stephen Garrin,REP,5334,False,2016
121,70th  ASSEMBLY DISTRICT,Inez E. Dickens,DEM,45048,True,2016
122,70th  ASSEMBLY DISTRICT,Heather Tarrant,REP,3449,False,2016
123,71st  ASSEMBLY DISTRICT,"Herman D. Farrell, Jr.",DEM,43183,True,2016
124,71st  ASSEMBLY DISTRICT,Vanessa Stanback,REP,3516,False,2016
125,72nd  ASSEMBLY DISTRICT,Carmen N. De La Rosa,DEM,37032,True,2016
126,73rd  ASSEMBLY DISTRICT,Dan Quart,DEM,35535,True,2016
127,73rd  ASSEMBLY DISTRICT,Rebecca Harary,REP,20538,False,2016
128,73rd  ASSEMBLY DISTRICT,Donal Butterfield,GRN,584,False,2016
129,74th  ASSEMBLY DISTRICT,Brian P. Kavanagh,DEM,39878,True,2016
130,74th  ASSEMBLY DISTRICT,Frank Scala,REP,7362,False,2016
131,74th  ASSEMBLY DISTRICT,Scott Hutchins,GRN,1569,False,2016
132,75th  ASSEMBLY DISTRICT,Richard N. Gottfried,DEM,46186,True,2016
133,75th  ASSEMBLY DISTRICT,Joseph A. Maffia,REP,8462,False,2016
134,76th  ASSEMBLY DISTRICT,Rebecca A. Seawright,DEM,40309,True,2016
135,76th  ASSEMBLY DISTRICT,Jonathan Kostakopoulos,REP,14851,False,2016
136,77th  ASSEMBLY DISTRICT,Latoya Joyner,DEM,27986,True,2016
137,77th  ASSEMBLY DISTRICT,Benjamin Eggleston,CON,371,False,2016
138,78th  ASSEMBLY DISTRICT,Jose Rivera,DEM,21915,True,2016
139,78th  ASSEMBLY DISTRICT,Luana G. Malavolta,REP,1172,False,2016
140,78th  ASSEMBLY DISTRICT,William J. Sullivan,CON,366,False,2016
141,79th  ASSEMBLY DISTRICT,Michael A. Blake,DEM,30038,True,2016
142,79th  ASSEMBLY DISTRICT,Selsia Evans,CON,512,False,2016
143,80th  ASSEMBLY DISTRICT,Mark Gjonaj,DEM,24959,True,2016
144,80th  ASSEMBLY DISTRICT,Nicholas Marricco,REP,3391,False,2016
145,80th  ASSEMBLY DISTRICT,Robert Goodman,CON,953,False,2016
146,81st  ASSEMBLY DISTRICT,Jeffrey Dinowitz,DEM,33431,True,2016
147,81st  ASSEMBLY DISTRICT,Alan H. Reed,CON,3010,False,2016
148,82nd  ASSEMBLY DISTRICT,Michael R. Benedetto,DEM,31091,True,2016
149,82nd  ASSEMBLY DISTRICT,Noel Lopez,REP,5737,False,2016
150,82nd  ASSEMBLY DISTRICT,"William E. Britt, Jr.",CON,1549,False,2016
151,83rd  ASSEMBLY DISTRICT,Carl E. Heastie,DEM,32958,True,2016
152,84th  ASSEMBLY DISTRICT,Carmen E. Arroyo,DEM,26652,True,2016
153,84th  ASSEMBLY DISTRICT,Rosaline Nieves,REP,1606,False,2016
154,85th  ASSEMBLY DISTRICT,Marcos A. Crespo,DEM,25812,True,2016
155,85th  ASSEMBLY DISTRICT,Janelle M. King,REP,1033,False,2016
156,85th  ASSEMBLY DISTRICT,Barbara Santander,CON,408,False,2016
157,85th  ASSEMBLY DISTRICT,Daniel Zuger,GRN,419,False,2016
158,86th  ASSEMBLY DISTRICT,Victor M. Pichardo,DEM,23196,True,2016
159,86th  ASSEMBLY DISTRICT,Jose Marte,CON,530,False,2016
160,87th  ASSEMBLY DISTRICT,Luis R. Sepulveda,DEM,30128,True,2016
161,87th  ASSEMBLY DISTRICT,Michael Dennis,CON,1218,False,2016
162,88th  ASSEMBLY DISTRICT,Amy R. Paulin,DEM,42527,True,2016
163,88th  ASSEMBLY DISTRICT,"Anthony J. Decintio, Jr.",CON,7643,False,2016
164,89th  ASSEMBLY DISTRICT,J. Gary Pretlow,DEM,34615,True,2016
165,90th  ASSEMBLY DISTRICT,Shelley Mayer,DEM,32208,True,2016
166,91st  ASSEMBLY DISTRICT,Steven Otis,DEM,34749,True,2016
167,92nd  ASSEMBLY DISTRICT,Thomas J. Abinanti,DEM,45735,True,2016
168,93rd  ASSEMBLY DISTRICT,David Buchwald,DEM,41639,True,2016
169,94th  ASSEMBLY DISTRICT,Brian Higbie,DEM,23097,False,2016
170,94th  ASSEMBLY DISTRICT,Kevin M. Byrne,REP,36760,True,2016
171,95th  ASSEMBLY DISTRICT,Sandra R. Galef,DEM,35377,True,2016
172,95th  ASSEMBLY DISTRICT,Gregory Purdy,REP,16388,False,2016
173,96th  ASSEMBLY DISTRICT,Kenneth P. Zebrowski,DEM,42110,True,2016
174,97th  ASSEMBLY DISTRICT,Ellen C. Jaffee,DEM,29782,True,2016
175,97th  ASSEMBLY DISTRICT,Joseph S. Chabot,REP,17670,False,2016
176,97th  ASSEMBLY DISTRICT,Thomas M. Gulla,WOR,1088,False,2016
177,98th  ASSEMBLY DISTRICT,Aron B. Wieder,DEM,19883,False,2016
178,98th  ASSEMBLY DISTRICT,Karl Brabenec,REP,29105,True,2016
179,99th  ASSEMBLY DISTRICT,James G. Skoufis,DEM,29590,True,2016
180,99th  ASSEMBLY DISTRICT,Colin J. Schmitt,REP,26541,False,2016
181,100th  ASSEMBLY DISTRICT,Aileen M. Gunther,DEM,33142,True,2016
182,101st  ASSEMBLY DISTRICT,Arlene G. Feldmeier,DEM,17913,False,2016
183,101st  ASSEMBLY DISTRICT,Brian D. Miller,REP,27639,True,2016
184,101st  ASSEMBLY DISTRICT,Maria E. Kelso,CON,5379,False,2016
185,102nd  ASSEMBLY DISTRICT,Peter D. Lopez,REP,45980,True,2016
186,103rd  ASSEMBLY DISTRICT,Kevin A. Cahill,DEM,43756,True,2016
187,103rd  ASSEMBLY DISTRICT,Jack Hayes,CON,12416,False,2016
188,104th  ASSEMBLY DISTRICT,Frank Skartados,DEM,27959,True,2016
189,104th  ASSEMBLY DISTRICT,"William C. Banuchi, Sr.",CON,6576,False,2016
190,105th  ASSEMBLY DISTRICT,Joseph Torres,DEM,21471,False,2016
191,105th  ASSEMBLY DISTRICT,Kieran Michael Lalor,REP,35790,True,2016
192,106th  ASSEMBLY DISTRICT,Didi Barrett,DEM,30325,True,2016
193,106th  ASSEMBLY DISTRICT,Terry Sullivan,REP,23973,False,2016
194,107th  ASSEMBLY DISTRICT,Steven F. McLaughlin,REP,54504,True,2016
195,108th  ASSEMBLY DISTRICT,"John T. McDonald, III",DEM,34507,True,2016
196,109th  ASSEMBLY DISTRICT,Patricia A. Fahy,DEM,42880,True,2016
197,109th  ASSEMBLY DISTRICT,Jesse D. Calhoun,REP,18467,False,2016
198,110th  ASSEMBLY DISTRICT,Phillip G. Steck,DEM,36217,True,2016
199,110th  ASSEMBLY DISTRICT,Tom Murphy,REP,22952,False,2016
200,111th  ASSEMBLY DISTRICT,Angelo L. Santabarbara,DEM,30197,True,2016
201,111th  ASSEMBLY DISTRICT,Peter A. Vroman,REP,17931,False,2016
202,112th  ASSEMBLY DISTRICT,Michael R. Godlewski,DEM,25399,False,2016
203,112th  ASSEMBLY DISTRICT,Mary Beth Walsh,REP,41267,True,2016
204,113th  ASSEMBLY DISTRICT,Carrie Woerner,DEM,33630,True,2016
205,113th  ASSEMBLY DISTRICT,Christopher H. Boyark,REP,26012,False,2016
206,114th  ASSEMBLY DISTRICT,Daniel G. Stec,REP,42777,True,2016
207,114th  ASSEMBLY DISTRICT,Robin M. Barkenhagen,GRN,7562,False,2016
208,115th  ASSEMBLY DISTRICT,D. Billy Jones,DEM,25972,True,2016
209,115th  ASSEMBLY DISTRICT,Kevin A. Mulverhill,REP,23253,False,2016
210,116th  ASSEMBLY DISTRICT,Addie Jenne Russell,DEM,24473,True,2016
211,116th  ASSEMBLY DISTRICT,John Byrne,REP,21509,False,2016
212,117th  ASSEMBLY DISTRICT,Kenneth Blankenbush,REP,37418,True,2016
213,118th  ASSEMBLY DISTRICT,Marc W. Butler,REP,42565,True,2016
214,119th  ASSEMBLY DISTRICT,Anthony J. Brindisi,DEM,32970,True,2016
215,120th  ASSEMBLY DISTRICT,William A. Barclay,REP,44275,True,2016
216,121st  ASSEMBLY DISTRICT,Bill Magee,DEM,27117,True,2016
217,121st  ASSEMBLY DISTRICT,John J. Salka,REP,24667,False,2016
218,122nd  ASSEMBLY DISTRICT,Clifford W. Crouch,REP,41957,True,2016
219,123rd  ASSEMBLY DISTRICT,Donna A. Lupardo,DEM,32613,True,2016
220,123rd  ASSEMBLY DISTRICT,"Dorollo Nixon, Jr.",REP,19073,False,2016
221,124th  ASSEMBLY DISTRICT,Bill Batrowny,DEM,18219,False,2016
222,124th  ASSEMBLY DISTRICT,Christopher S. Friend,REP,34344,True,2016
223,125th  ASSEMBLY DISTRICT,Barbara S. Lifton,DEM,35416,True,2016
224,125th  ASSEMBLY DISTRICT,"Herbert Masser, Jr.",REP,15264,False,2016
225,126th  ASSEMBLY DISTRICT,Diane M. Dwire,DEM,23047,False,2016
226,126th  ASSEMBLY DISTRICT,Gary D. Finch,REP,37078,True,2016
227,127th  ASSEMBLY DISTRICT,"Albert A. Stirpe, Jr.",DEM,36604,True,2016
228,127th  ASSEMBLY DISTRICT,Vincent Giordano,REP,24568,False,2016
229,127th  ASSEMBLY DISTRICT,Michael J. Becallo,CON,4064,False,2016
230,128th  ASSEMBLY DISTRICT,Pamela Jo Hunter,DEM,38890,True,2016
231,129th  ASSEMBLY DISTRICT,William B. Magnarelli,DEM,34747,True,2016
232,130th  ASSEMBLY DISTRICT,Robert C. Oaks,REP,44195,True,2016
233,131st  ASSEMBLY DISTRICT,Brian M. Kolb,REP,47714,True,2016
234,132nd  ASSEMBLY DISTRICT,Philip A. Palmesano,REP,44758,True,2016
235,133rd  ASSEMBLY DISTRICT,Barbara A. Baer,DEM,26353,False,2016
236,133rd  ASSEMBLY DISTRICT,Joe Errigo,REP,34420,True,2016
237,134th  ASSEMBLY DISTRICT,Peter A. Lawrence,REP,48022,True,2016
238,135th  ASSEMBLY DISTRICT,Dorothy A. Styk,DEM,28558,False,2016
239,135th  ASSEMBLY DISTRICT,Mark C. Johns,REP,42616,True,2016
240,136th  ASSEMBLY DISTRICT,Joseph D. Morelle,DEM,46097,True,2016
241,137th  ASSEMBLY DISTRICT,David F. Gantt,DEM,31738,True,2016
242,138th  ASSEMBLY DISTRICT,Harry B. Bronson,DEM,32166,True,2016
243,138th  ASSEMBLY DISTRICT,Bob Zinck,REP,17934,False,2016
244,139th  ASSEMBLY DISTRICT,Stephen M. Hawley,REP,45594,True,2016
245,140th  ASSEMBLY DISTRICT,Robin Schimminger,DEM,38335,True,2016
246,140th  ASSEMBLY DISTRICT,Danielle M. Rotolo,REP,13953,False,2016
247,140th  ASSEMBLY DISTRICT,Anthony Baney,GRN,1529,False,2016
248,141st  ASSEMBLY DISTRICT,Crystal D. Peoples,DEM,41179,True,2016
249,141st  ASSEMBLY DISTRICT,Ross M. Kostecky,REP,4376,False,2016
250,142nd  ASSEMBLY DISTRICT,Michael P. Kearns,DEM,55547,True,2016
251,143rd  ASSEMBLY DISTRICT,Monica P. Wallace,DEM,30877,True,2016
252,143rd  ASSEMBLY DISTRICT,Russell W. Sugg,REP,25253,False,2016
253,144th  ASSEMBLY DISTRICT,Michael J. Norris,REP,43506,True,2016
254,145th  ASSEMBLY DISTRICT,John D. Ceretto,DEM,23609,False,2016
255,145th  ASSEMBLY DISTRICT,Angelo J. Morinello,REP,28381,True,2016
256,146th  ASSEMBLY DISTRICT,Steven G. Meyer,DEM,29146,False,2016
257,146th  ASSEMBLY DISTRICT,Raymond W. Walter,REP,30560,True,2016
258,147th  ASSEMBLY DISTRICT,David J. DiPietro,REP,51558,True,2016
259,148th  ASSEMBLY DISTRICT,Joseph M. Giglio,REP,40721,True,2016
260,149th  ASSEMBLY DISTRICT,Sean M. Ryan,DEM,40525,True,2016
261,150th  ASSEMBLY DISTRICT,Jason A. Perdue,DEM,13397,False,2016
262,150th  ASSEMBLY DISTRICT,Andrew Goodell,REP,38272,True,2016
0,1st  CONGRESSIONAL DISTRICT,Anna E. Throne-Holst,DEM,135278,False,2016
1,1st  CONGRESSIONAL DISTRICT,Lee M. Zeldin,REP,188499,True,2016
2,2nd  CONGRESSIONAL DISTRICT,Du Wayne Gregory,DEM,110938,False,2016
3,2nd  CONGRESSIONAL DISTRICT,Peter T. King,REP/TRP,181506,True,2016
4,3rd  CONGRESSIONAL DISTRICT,Thomas R. Suozzi,DEM,171775,True,2016
5,3rd  CONGRESSIONAL DISTRICT,Jack M. Martins,REP,152304,False,2016
6,4th  CONGRESSIONAL DISTRICT,Kathleen M. Rice,DEM,186423,True,2016
7,4th  CONGRESSIONAL DISTRICT,David H. Gurfein,REP,126438,False,2016
8,5th  CONGRESSIONAL DISTRICT,Gregory W. Meeks,DEM,199815,True,2016
9,5th  CONGRESSIONAL DISTRICT,Michael A. O'Reilly,REP,30312,False,2016
10,5th  CONGRESSIONAL DISTRICT,Frank Francois,GRN,3587,False,2016
11,6th  CONGRESSIONAL DISTRICT,Grace Meng,DEM,136506,True,2016
12,6th  CONGRESSIONAL DISTRICT,Danniel S. Maio,REP,50617,False,2016
13,6th  CONGRESSIONAL DISTRICT,Haris Bhatti,HBP,2123,False,2016
14,7th  CONGRESSIONAL DISTRICT,Nydia M. Velazquez,DEM,172146,True,2016
15,7th  CONGRESSIONAL DISTRICT,Allan E. Romaguera,REP,17478,False,2016
16,8th  CONGRESSIONAL DISTRICT,Hakeem S. Jeffries,DEM,214595,True,2016
17,8th  CONGRESSIONAL DISTRICT,Daniel J. Cavanagh,CON,15401,False,2016
18,9th  CONGRESSIONAL DISTRICT,Yvette D. Clarke,DEM,214189,True,2016
19,9th  CONGRESSIONAL DISTRICT,Alan Bellone,CON,17576,False,2016
20,10th  CONGRESSIONAL DISTRICT,Jerrold L. Nadler,DEM,192371,True,2016
21,10th  CONGRESSIONAL DISTRICT,Philip Rosenthal,REP,53857,False,2016
22,11th  CONGRESSIONAL DISTRICT,Richard A. Reichard,DEM,85257,False,2016
23,11th  CONGRESSIONAL DISTRICT,Dan Donovan,REP,142934,True,2016
24,11th  CONGRESSIONAL DISTRICT,Henry J. Bardel,GRN,3906,False,2016
25,12th  CONGRESSIONAL DISTRICT,Carolyn B. Maloney,DEM,244358,True,2016
26,12th  CONGRESSIONAL DISTRICT,Robert Ardini,REP,49398,False,2016
27,13th  CONGRESSIONAL DISTRICT,Adriano Espaillat,DEM,207194,True,2016
28,13th  CONGRESSIONAL DISTRICT,"Robert A. Evans, Jr.",REP,16089,False,2016
29,13th  CONGRESSIONAL DISTRICT,Daniel Vila Rivera,GRN,8248,False,2016
30,13th  CONGRESSIONAL DISTRICT,Scott Lloyd Fenstermaker,TGP,1877,False,2016
31,14th  CONGRESSIONAL DISTRICT,Joseph Crowley,DEM,147587,True,2016
32,14th  CONGRESSIONAL DISTRICT,Frank J. Spotorno,REP,30545,False,2016
33,15th  CONGRESSIONAL DISTRICT,Jose E. Serrano,DEM,165688,True,2016
34,15th  CONGRESSIONAL DISTRICT,Alejandro Vega,REP,6129,False,2016
35,15th  CONGRESSIONAL DISTRICT,Eduardo Ramirez,CON,2104,False,2016
36,16th  CONGRESSIONAL DISTRICT,Eliot L. Engel,DEM,209857,True,2016
37,16th  CONGRESSIONAL DISTRICT,Derickson K. Lawrence,PCC,11825,False,2016
38,17th  CONGRESSIONAL DISTRICT,Nita M. Lowey,DEM,214530,True,2016
39,18th  CONGRESSIONAL DISTRICT,Sean Patrick Maloney,DEM,162060,True,2016
40,18th  CONGRESSIONAL DISTRICT,Phil Oliva,REP,129369,False,2016
41,19th  CONGRESSIONAL DISTRICT,Zephyr Teachout,DEM,141224,False,2016
42,19th  CONGRESSIONAL DISTRICT,John J. Faso,REP,166171,True,2016
43,20th  CONGRESSIONAL DISTRICT,Paul D. Tonko,DEM,213021,True,2016
44,20th  CONGRESSIONAL DISTRICT,Joe Vitollo,REP,100738,False,2016
45,21st  CONGRESSIONAL DISTRICT,Mike Derrick,DEM,82161,False,2016
46,21st  CONGRESSIONAL DISTRICT,Elise M. Stefanik,REP,177886,True,2016
47,21st  CONGRESSIONAL DISTRICT,Matthew J. Funiciello,GRN,12452,False,2016
48,22nd  CONGRESSIONAL DISTRICT,Kim A. Myers,DEM,114266,False,2016
49,22nd  CONGRESSIONAL DISTRICT,Claudia Tenney,REP,129444,True,2016
50,22nd  CONGRESSIONAL DISTRICT,Martin Babinec,REF,34638,False,2016
51,23rd  CONGRESSIONAL DISTRICT,John F. Plumb,DEM,118584,False,2016
52,23rd  CONGRESSIONAL DISTRICT,"Thomas W. Reed, II",REP,161050,True,2016
53,24th  CONGRESSIONAL DISTRICT,Colleen Deacon,DEM,119040,False,2016
54,24th  CONGRESSIONAL DISTRICT,John M. Katko,REP,182761,True,2016
55,25th  CONGRESSIONAL DISTRICT,Louise M. Slaughter,DEM,182950,True,2016
56,25th  CONGRESSIONAL DISTRICT,Mark W. Assini,REP,142650,False,2016
57,26th  CONGRESSIONAL DISTRICT,Brian Higgins,DEM,215289,True,2016
58,26th  CONGRESSIONAL DISTRICT,Shelly Schratz,REP,73377,False,2016
59,27th  CONGRESSIONAL DISTRICT,Diana K. Kastenbaum,DEM,107832,False,2016
60,27th  CONGRESSIONAL DISTRICT,Chris Collins,REP,220885,True,2016
0,1st  SENATE DISTRICT,Michael L. Conroy,DEM,24154,False,2014
1,1st  SENATE DISTRICT,Kenneth P. LaValle,REP,56473,True,2014
2,2nd  SENATE DISTRICT,Joseph Lombardi,DEM,22530,False,2014
3,2nd  SENATE DISTRICT,John J. Flanagan,REP,50533,True,2014
4,3rd  SENATE DISTRICT,Adrienne Esposito,DEM,24200,False,2014
5,3rd  SENATE DISTRICT,Thomas D. Croci,REP,33861,True,2014
6,4th  SENATE DISTRICT,John R. Alberts,DEM,18282,False,2014
7,4th  SENATE DISTRICT,Philip M. Boyle,REP,38461,True,2014
8,5th  SENATE DISTRICT,"Bruce P. Kennedy, Jr.",DEM,29732,False,2014
9,5th  SENATE DISTRICT,Carl L. Marcellino,REP,46476,True,2014
10,5th  SENATE DISTRICT,Georgina Bowman,LBT,738,False,2014
11,6th  SENATE DISTRICT,Ethan D. Irwin,DEM,24702,False,2014
12,6th  SENATE DISTRICT,Kemp Hannon,REP,42314,True,2014
13,6th  SENATE DISTRICT,Kemp Hannon,IND,1661,False,2014
14,7th  SENATE DISTRICT,Adam M. Haber,DEM,30873,False,2014
15,7th  SENATE DISTRICT,Jack M. Martins,REP,40465,True,2014
16,7th  SENATE DISTRICT,Adam M. Haber,GRE,679,False,2014
17,8th  SENATE DISTRICT,David W. Denenberg,DEM,28104,False,2014
18,8th  SENATE DISTRICT,Michael Venditto,REP,41881,True,2014
19,9th  SENATE DISTRICT,"Patrick P. Gillespie, Jr.",DEM,26026,False,2014
20,9th  SENATE DISTRICT,Dean G. Skelos,REP,50142,True,2014
21,10th  SENATE DISTRICT,"James Sanders, Jr.",DEM,29398,True,2014
22,11th  SENATE DISTRICT,Tony Avella,DEM,32950,True,2014
23,11th  SENATE DISTRICT,Tony Avella,IND,3591,False,2014
24,12th  SENATE DISTRICT,Michael N. Gianaris,DEM,25981,True,2014
25,12th  SENATE DISTRICT,Anthony Aldorasi,SCC,1158,False,2014
26,13th  SENATE DISTRICT,Jose R. Peralta,DEM,19968,True,2014
27,14th  SENATE DISTRICT,"Leroy G. Comrie, Jr.",DEM,37466,True,2014
28,15th  SENATE DISTRICT,"Joseph P. Addabbo, Jr.",DEM,20924,True,2014
29,15th  SENATE DISTRICT,Michael Conigliaro,REP,16877,False,2014
30,16th  SENATE DISTRICT,Toby Ann Stavisky,DEM,21166,True,2014
31,17th  SENATE DISTRICT,Simcha Felder,DEM,29489,True,2014
32,18th  SENATE DISTRICT,Martin Malave Dilan,DEM,21352,True,2014
33,18th  SENATE DISTRICT,Jonathan H. Anderson,CON,861,False,2014
34,18th  SENATE DISTRICT,Debbie Medina,WOR,4028,False,2014
35,19th  SENATE DISTRICT,John L. Sampson,DEM,29741,True,2014
36,19th  SENATE DISTRICT,Elias J. Weir,CON,2816,False,2014
37,19th  SENATE DISTRICT,Dell Smitherman,WOR,1993,False,2014
38,20th  SENATE DISTRICT,Jesse E. Hamilton,DEM,32040,True,2014
39,20th  SENATE DISTRICT,Menachem M. Raitport,CON,1445,False,2014
40,21st  SENATE DISTRICT,Kevin S. Parker,DEM,42967,True,2014
41,21st  SENATE DISTRICT,Herman G. Hall,CON,2022,False,2014
42,22nd  SENATE DISTRICT,James T. Kemmerer,DEM,10633,False,2014
43,22nd  SENATE DISTRICT,Martin J. Golden,REP,23580,True,2014
44,23rd  SENATE DISTRICT,Diane J. Savino,DEM,27726,True,2014
45,24th  SENATE DISTRICT,Gary W. Carsel,DEM,11547,False,2014
46,24th  SENATE DISTRICT,Andrew J. Lanza,REP,47225,True,2014
47,25th  SENATE DISTRICT,Velmanette Montgomery,DEM,44194,True,2014
48,26th  SENATE DISTRICT,Daniel Squadron,DEM,32459,True,2014
49,26th  SENATE DISTRICT,Wave Chan,REP,5067,False,2014
50,27th  SENATE DISTRICT,Brad M. Hoylman,DEM,46129,True,2014
51,27th  SENATE DISTRICT,Frank J. Scala,REP,7829,False,2014
52,28th  SENATE DISTRICT,Liz Krueger,DEM,42094,True,2014
53,28th  SENATE DISTRICT,Michael K. Zumbluskas,REP,14943,False,2014
54,29th  SENATE DISTRICT,Jose M. Serrano,DEM,30502,True,2014
55,29th  SENATE DISTRICT,Kevin Barrett,REP,3589,False,2014
56,30th  SENATE DISTRICT,Bill Perkins,DEM,44971,True,2014
57,30th  SENATE DISTRICT,Jon Girodes,REP,2338,False,2014
58,31st  SENATE DISTRICT,Adriano Espaillat,DEM,37089,True,2014
59,32nd  SENATE DISTRICT,"Ruben Diaz, Sr.",DEM,27531,True,2014
60,32nd  SENATE DISTRICT,Jasmine Marte,CON,1153,False,2014
61,33rd  SENATE DISTRICT,J. Gustavo Rivera,DEM,19809,True,2014
62,33rd  SENATE DISTRICT,Steven Stern,REP,1126,False,2014
63,33rd  SENATE DISTRICT,"Jose A. Padilla, Jr.",IND,342,False,2014
64,34th  SENATE DISTRICT,Jeffrey D. Klein,DEM,31295,True,2014
65,34th  SENATE DISTRICT,Aleksander Mici,REP,6103,False,2014
66,34th  SENATE DISTRICT,Frank Dellavalle,CON,1957,False,2014
67,34th  SENATE DISTRICT,Carl Lundgren,GRE,1638,False,2014
68,35th  SENATE DISTRICT,Andrea Stewart-Cousins,DEM,43862,True,2014
69,35th  SENATE DISTRICT,Robert Lopez Foti,REP,15811,False,2014
70,36th  SENATE DISTRICT,Ruth H. Thompson,DEM,37166,True,2014
71,36th  SENATE DISTRICT,Robert L. Diamond,REP,2388,False,2014
72,36th  SENATE DISTRICT,Crystal Collins,IND,766,False,2014
73,37th  SENATE DISTRICT,George S. Latimer,DEM,38092,True,2014
74,37th  SENATE DISTRICT,Joseph L. Dillon,REP,34913,False,2014
75,38th  SENATE DISTRICT,David Carlucci,DEM,47520,True,2014
76,38th  SENATE DISTRICT,Donna Held,REP,21171,False,2014
77,39th  SENATE DISTRICT,Gay Lee,DEM,19271,False,2014
78,39th  SENATE DISTRICT,"William J. Larkin, Jr.",REP,46012,True,2014
79,40th  SENATE DISTRICT,Justin R. Wagner,DEM,37875,False,2014
80,40th  SENATE DISTRICT,Terrence P. Murphy,REP,46884,True,2014
81,41st  SENATE DISTRICT,Terry W. Gipson,DEM,38625,False,2014
82,41st  SENATE DISTRICT,Susan J. Serino,REP,42267,True,2014
83,42nd  SENATE DISTRICT,John J. Bonacic,REP,49787,True,2014
84,43rd  SENATE DISTRICT,Brian F. Howard,DEM,32901,False,2014
85,43rd  SENATE DISTRICT,Kathleen A. Marchione,REP,59394,True,2014
86,44th  SENATE DISTRICT,Neil D. Breslin,DEM,55929,True,2014
87,45th  SENATE DISTRICT,Elizabeth O'C. Little,REP,62472,True,2014
88,46th  SENATE DISTRICT,Cecilia Tkaczyk,DEM,42009,False,2014
89,46th  SENATE DISTRICT,"George A. Amedore, Jr.",REP,53553,True,2014
90,47th  SENATE DISTRICT,Joseph A. Griffo,REP,52464,True,2014
91,48th  SENATE DISTRICT,Patricia A. Ritchie,REP,55300,True,2014
92,49th  SENATE DISTRICT,Madelyn C. Thorne,DEM,29983,False,2014
93,49th  SENATE DISTRICT,Hugh T. Farley,REP,51892,True,2014
94,50th  SENATE DISTRICT,John A. DeFrancisco,REP,74807,True,2014
95,51st  SENATE DISTRICT,James L. Seward,REP,61157,True,2014
96,52nd  SENATE DISTRICT,Anndrea L. Starzak,DEM,27980,False,2014
97,52nd  SENATE DISTRICT,Thomas W. Libous,REP,46070,True,2014
98,53rd  SENATE DISTRICT,David J. Valesky,DEM,51052,True,2014
99,54th  SENATE DISTRICT,Michael F. Nozzolio,REP,67873,True,2014
100,55th  SENATE DISTRICT,Ted O'Brien,DEM,38624,False,2014
101,55th  SENATE DISTRICT,Rich Funke,REP,54874,True,2014
102,56th  SENATE DISTRICT,Joseph E. Robach,REP,51815,True,2014
103,57th  SENATE DISTRICT,Catharine M. Young,REP,65998,True,2014
104,58th  SENATE DISTRICT,Thomas F. O'Mara,REP,56805,True,2014
105,59th  SENATE DISTRICT,Patrick M. Gallivan,REP,71629,True,2014
106,60th  SENATE DISTRICT,Marc C. Panepinto,DEM,26415,True,2014
107,60th  SENATE DISTRICT,Kevin T. Stocker,REP,24966,False,2014
108,60th  SENATE DISTRICT,Timothy D. Gallagher,CON,6796,False,2014
109,60th  SENATE DISTRICT,Mark J. Grisanti,IND,22734,False,2014
110,61st  SENATE DISTRICT,Elaine B. Altman,DEM,26836,False,2014
111,61st  SENATE DISTRICT,Michael H. Ranzenhofer,REP,51711,True,2014
112,62nd  SENATE DISTRICT,Johnny G. Destino,DEM,21678,False,2014
113,62nd  SENATE DISTRICT,Robert G. Ortt,REP,47606,True,2014
114,62nd  SENATE DISTRICT,Paul E. Brown,WOR,1840,False,2014
115,63rd  SENATE DISTRICT,Timothy M. Kennedy,DEM,42278,True,2014
116,63rd  SENATE DISTRICT,"Ricky T. Donovan, Sr.",REP,11973,False,2014
0,1st  ASSEMBLY DISTRICT,"Fred W. Thiele, Jr.",DEM,19956,True,2014
1,1st  ASSEMBLY DISTRICT,Heather C. Collins,REP,10684,False,2014
2,1st  ASSEMBLY DISTRICT,Brian J. DeSesa,CON,2313,False,2014
3,2nd  ASSEMBLY DISTRICT,Thomas Schiliro,DEM,13113,False,2014
4,2nd  ASSEMBLY DISTRICT,Anthony H. Palumbo,REP,22334,True,2014
5,3rd  ASSEMBLY DISTRICT,Edward J. Hennessey,DEM,11709,False,2014
6,3rd  ASSEMBLY DISTRICT,Dean Murray,REP,12233,True,2014
7,4th  ASSEMBLY DISTRICT,Steven Englebright,DEM,16383,True,2014
8,4th  ASSEMBLY DISTRICT,Christopher C. Keegan,REP,11828,False,2014
9,5th  ASSEMBLY DISTRICT,Deborah L. Slinkosky,DEM,8365,False,2014
10,5th  ASSEMBLY DISTRICT,Alfred C. Graf,REP,16968,True,2014
11,6th  ASSEMBLY DISTRICT,Philip Ramos,DEM,9437,True,2014
12,6th  ASSEMBLY DISTRICT,Victoria E. Serpa,REP,4332,False,2014
13,7th  ASSEMBLY DISTRICT,Deborah Pfeiffer,DEM,9162,False,2014
14,7th  ASSEMBLY DISTRICT,Andrew R. Garbarino,REP,20837,True,2014
15,8th  ASSEMBLY DISTRICT,Jason E. Zove,DEM,11770,False,2014
16,8th  ASSEMBLY DISTRICT,Michael J. Fitzpatrick,REP,22184,True,2014
17,9th  ASSEMBLY DISTRICT,Edward M. Buturla,DEM,7507,False,2014
18,9th  ASSEMBLY DISTRICT,Joseph S. Saladino,REP,22884,True,2014
19,10th  ASSEMBLY DISTRICT,"Dominick P. Feeney, Jr.",DEM,10367,False,2014
20,10th  ASSEMBLY DISTRICT,Chad A. Lupinacci,REP,17457,True,2014
21,11th  ASSEMBLY DISTRICT,Kimberly Jean-Pierre,DEM,11596,True,2014
22,11th  ASSEMBLY DISTRICT,Mark M. Gallo,REP,6670,False,2014
23,11th  ASSEMBLY DISTRICT,James G. Butler,CON,1738,False,2014
24,12th  ASSEMBLY DISTRICT,Andrew P. Raia,REP,24210,True,2014
25,13th  ASSEMBLY DISTRICT,Charles D. Lavine,DEM,17687,True,2014
26,13th  ASSEMBLY DISTRICT,Louis Imbroto,REP,11290,False,2014
27,13th  ASSEMBLY DISTRICT,Jeffery J. Peress,GRE,389,False,2014
28,14th  ASSEMBLY DISTRICT,Gasparre G. Tumminello,DEM,10700,False,2014
29,14th  ASSEMBLY DISTRICT,David G. McDonough,REP,23616,True,2014
30,15th  ASSEMBLY DISTRICT,Mario Ferone,DEM,9801,False,2014
31,15th  ASSEMBLY DISTRICT,Michael A. Montesano,REP,19672,True,2014
32,16th  ASSEMBLY DISTRICT,Michelle Schimel,DEM,18427,True,2014
33,16th  ASSEMBLY DISTRICT,Douglas M. Lee,REP,12089,False,2014
34,17th  ASSEMBLY DISTRICT,Jonathan C. Clarke,DEM,8887,False,2014
35,17th  ASSEMBLY DISTRICT,Thomas McKevitt,REP,19912,True,2014
36,18th  ASSEMBLY DISTRICT,Earlene Hooper,DEM,17030,True,2014
37,18th  ASSEMBLY DISTRICT,Cornelius Todd Smith,REP,3220,False,2014
38,19th  ASSEMBLY DISTRICT,Gary B. Port,DEM,9521,False,2014
39,19th  ASSEMBLY DISTRICT,Edward P. Ra,REP,21194,True,2014
40,20th  ASSEMBLY DISTRICT,Todd D. Kaminsky,DEM,17425,True,2014
41,20th  ASSEMBLY DISTRICT,Avi Z. Fertig,REP,14444,False,2014
42,21st  ASSEMBLY DISTRICT,Adam M. Shapiro,DEM,11935,False,2014
43,21st  ASSEMBLY DISTRICT,Brian F. Curran,REP,20463,True,2014
44,22nd  ASSEMBLY DISTRICT,Michaelle C. Solages,DEM,15977,True,2014
45,22nd  ASSEMBLY DISTRICT,Gonald Moncion,REP,10837,False,2014
46,23rd  ASSEMBLY DISTRICT,Phillip Goldfeder,DEM,13879,True,2014
47,24th  ASSEMBLY DISTRICT,David I. Weprin,DEM,10803,True,2014
48,25th  ASSEMBLY DISTRICT,Nily D. Rozic,DEM,9111,True,2014
49,26th  ASSEMBLY DISTRICT,Edward C. Braunstein,DEM,14852,True,2014
50,27th  ASSEMBLY DISTRICT,Michael A. Simanowitz,DEM,11007,True,2014
51,28th  ASSEMBLY DISTRICT,Andrew D. Hevesi,DEM,12209,True,2014
52,29th  ASSEMBLY DISTRICT,William Scarborough,DEM,15264,True,2014
53,30th  ASSEMBLY DISTRICT,Margaret M. Markey,DEM,9115,True,2014
54,31st  ASSEMBLY DISTRICT,Michele R. Titus,DEM,10087,True,2014
55,32nd  ASSEMBLY DISTRICT,Vivian E. Cook,DEM,14086,True,2014
56,33rd  ASSEMBLY DISTRICT,Barbara M. Clark,DEM,15979,True,2014
57,34th  ASSEMBLY DISTRICT,Michael G. DenDekker,DEM,7757,True,2014
58,35th  ASSEMBLY DISTRICT,Jeffrion L. Aubry,DEM,7474,True,2014
59,36th  ASSEMBLY DISTRICT,Aravella Simotas,DEM,11040,True,2014
60,37th  ASSEMBLY DISTRICT,Catherine T. Nolan,DEM,10336,True,2014
61,37th  ASSEMBLY DISTRICT,John Kevin Wilson,LBT,792,False,2014
62,38th  ASSEMBLY DISTRICT,Michael G. Miller,DEM,6694,True,2014
63,39th  ASSEMBLY DISTRICT,Francisco P. Moya,DEM,5934,True,2014
64,40th  ASSEMBLY DISTRICT,Ronald T. Kim,DEM,6292,True,2014
65,40th  ASSEMBLY DISTRICT,Philip N. Gim,REP,3077,False,2014
66,41st  ASSEMBLY DISTRICT,Helene E. Weinstein,DEM,12089,True,2014
67,41st  ASSEMBLY DISTRICT,Sura Yusim,CON,1740,False,2014
68,42nd  ASSEMBLY DISTRICT,Rodneyse Bichotte,DEM,12716,True,2014
69,42nd  ASSEMBLY DISTRICT,Matthew G. Williams,REP,837,False,2014
70,42nd  ASSEMBLY DISTRICT,Brian W. Kelly,CON,536,False,2014
71,43rd  ASSEMBLY DISTRICT,Karim Camara,DEM,15170,True,2014
72,43rd  ASSEMBLY DISTRICT,Cartrell Gore,CON,654,False,2014
73,44th  ASSEMBLY DISTRICT,James F. Brennan,DEM,15177,True,2014
74,44th  ASSEMBLY DISTRICT,Mike Yusupov,REP,2628,False,2014
75,45th  ASSEMBLY DISTRICT,Steven Cymbrowitz,DEM,6481,True,2014
76,45th  ASSEMBLY DISTRICT,Ben Akselrod,REP,4943,False,2014
77,45th  ASSEMBLY DISTRICT,Mikhail Usher,CON,393,False,2014
78,46th  ASSEMBLY DISTRICT,Alec Brook-Krasny,DEM,9001,True,2014
79,46th  ASSEMBLY DISTRICT,Stamatis Lilikakis,REP,6420,False,2014
80,47th  ASSEMBLY DISTRICT,William Colton,DEM,6447,True,2014
81,47th  ASSEMBLY DISTRICT,Joseph D. Baranello,REP,2641,False,2014
82,48th  ASSEMBLY DISTRICT,Dov Hikind,DEM,12317,True,2014
83,48th  ASSEMBLY DISTRICT,Nachman C. Caller,REP,3240,False,2014
84,48th  ASSEMBLY DISTRICT,Nachman C. Caller,HJP,144,False,2014
85,49th  ASSEMBLY DISTRICT,"Peter J. Abbate, Jr.",DEM,4872,True,2014
86,49th  ASSEMBLY DISTRICT,Henry Lallave,REP,1536,False,2014
87,50th  ASSEMBLY DISTRICT,Joseph R. Lentol,DEM,9789,True,2014
88,50th  ASSEMBLY DISTRICT,"William S. Davidson, Jr.",REP,1089,False,2014
89,51st  ASSEMBLY DISTRICT,Felix W. Ortiz,DEM,7887,True,2014
90,51st  ASSEMBLY DISTRICT,Sandra A. Palacios-Serrano,CON,1073,False,2014
91,52nd  ASSEMBLY DISTRICT,Jo Anne Simon,DEM,18421,True,2014
92,52nd  ASSEMBLY DISTRICT,John A. Jasilli,REP,2147,False,2014
93,52nd  ASSEMBLY DISTRICT,Peter J. Sikora,WOR,5843,False,2014
94,53rd  ASSEMBLY DISTRICT,Maritza Davila,DEM,9706,True,2014
95,54th  ASSEMBLY DISTRICT,Erik Martin Dilan,DEM,7514,True,2014
96,54th  ASSEMBLY DISTRICT,Khorshed A. Chowdhury,REP,381,False,2014
97,54th  ASSEMBLY DISTRICT,Kimberly Council,WOR,859,False,2014
98,55th  ASSEMBLY DISTRICT,Latrice Monique Walker,DEM,10640,True,2014
99,55th  ASSEMBLY DISTRICT,Berneda Jackson,REP,272,False,2014
100,55th  ASSEMBLY DISTRICT,Lori A. Boozer,WOR,597,False,2014
101,56th  ASSEMBLY DISTRICT,Annette M. Robinson,DEM,14648,True,2014
102,56th  ASSEMBLY DISTRICT,Garnsey Lee Alston,REP,306,False,2014
103,57th  ASSEMBLY DISTRICT,"Walter T. Mosley, III",DEM,19946,True,2014
104,58th  ASSEMBLY DISTRICT,N. Nick Perry,DEM,15787,True,2014
105,59th  ASSEMBLY DISTRICT,Roxanne J. Persaud,DEM,11395,True,2014
106,59th  ASSEMBLY DISTRICT,Jeffrey J. Ferretti,REP,4079,False,2014
107,60th  ASSEMBLY DISTRICT,Charles Barron,DEM,13270,True,2014
108,60th  ASSEMBLY DISTRICT,"Leroy R. Bates, Sr.",REP,822,False,2014
109,61st  ASSEMBLY DISTRICT,Matthew J. Titone,DEM,16429,True,2014
110,62nd  ASSEMBLY DISTRICT,Joseph C. Borelli,REP,19928,True,2014
111,63rd  ASSEMBLY DISTRICT,Michael J. Cusick,DEM,12039,True,2014
112,63rd  ASSEMBLY DISTRICT,"Joseph L. Tirone, Jr.",REP,8506,False,2014
113,64th  ASSEMBLY DISTRICT,Marybeth Melendez,DEM,5468,False,2014
114,64th  ASSEMBLY DISTRICT,Nicole Malliotakis,REP,15051,True,2014
115,65th  ASSEMBLY DISTRICT,Sheldon Silver,DEM,11455,True,2014
116,65th  ASSEMBLY DISTRICT,Maureen Koetz,REP,2442,False,2014
117,66th  ASSEMBLY DISTRICT,Deborah J. Glick,DEM,16817,True,2014
118,66th  ASSEMBLY DISTRICT,Nekeshia Woods,REP,2727,False,2014
119,66th  ASSEMBLY DISTRICT,Alexander R. Meadows,PGP,1545,False,2014
120,67th  ASSEMBLY DISTRICT,Linda B. Rosenthal,DEM,23576,True,2014
121,68th  ASSEMBLY DISTRICT,Robert J. Rodriguez,DEM,13532,True,2014
122,68th  ASSEMBLY DISTRICT,Ted Jones,REP,1292,False,2014
123,68th  ASSEMBLY DISTRICT,Robert J. Rodriguez,WOR,1118,False,2014
124,69th  ASSEMBLY DISTRICT,Daniel J. O'Donnell,DEM,22091,True,2014
125,70th  ASSEMBLY DISTRICT,Keith L. T. Wright,DEM,18161,True,2014
126,70th  ASSEMBLY DISTRICT,Noni Moore,REP,700,False,2014
127,71st  ASSEMBLY DISTRICT,Herman D. Farrell Jr.,DEM,16174,True,2014
128,71st  ASSEMBLY DISTRICT,Jerome Johnson,REP,1131,False,2014
129,72nd  ASSEMBLY DISTRICT,Guillermo Linares,DEM,12226,True,2014
130,72nd  ASSEMBLY DISTRICT,Ronnie Cabrera,REP,1149,False,2014
131,73rd  ASSEMBLY DISTRICT,Dan Quart,DEM,16618,True,2014
132,73rd  ASSEMBLY DISTRICT,David B. Casavis,REP,7507,False,2014
133,73rd  ASSEMBLY DISTRICT,Donal Butterfield,GRE,454,False,2014
134,74th  ASSEMBLY DISTRICT,Brian P. Kavanagh,DEM,16881,True,2014
135,74th  ASSEMBLY DISTRICT,Bryan A. Cooper,REP,2973,False,2014
136,75th  ASSEMBLY DISTRICT,Richard N. Gottfried,DEM,18371,True,2014
137,75th  ASSEMBLY DISTRICT,Harry DeMell,REP,2964,False,2014
138,76th  ASSEMBLY DISTRICT,Rebecca A. Seawright,DEM,15703,True,2014
139,76th  ASSEMBLY DISTRICT,David Paul Garland,REP,7759,False,2014
140,77th  ASSEMBLY DISTRICT,Latoya Joyner,DEM,10028,True,2014
141,77th  ASSEMBLY DISTRICT,Esperanza R. Reyes Acosta,REP,421,False,2014
142,77th  ASSEMBLY DISTRICT,Benjamin Eggleston,CON,81,False,2014
143,78th  ASSEMBLY DISTRICT,Jose Rivera,DEM,6965,True,2014
144,78th  ASSEMBLY DISTRICT,Fernando P. Tirado,REP,828,False,2014
145,79th  ASSEMBLY DISTRICT,Michael A. Blake,DEM,9835,True,2014
146,79th  ASSEMBLY DISTRICT,Selsia M. Evans,REP,372,False,2014
147,79th  ASSEMBLY DISTRICT,Marsha D. Michael,WOR,515,False,2014
148,80th  ASSEMBLY DISTRICT,Mark Gjonaj,DEM,9816,True,2014
149,80th  ASSEMBLY DISTRICT,Robert M. Goodman,REP,1892,False,2014
150,81st  ASSEMBLY DISTRICT,Jeffrey Dinowitz,DEM,15385,True,2014
151,81st  ASSEMBLY DISTRICT,Alan H. Reed,CON,1543,False,2014
152,82nd  ASSEMBLY DISTRICT,Michael R. Benedetto,DEM,15214,True,2014
153,82nd  ASSEMBLY DISTRICT,Michael J. Eginton,REP,2417,False,2014
154,82nd  ASSEMBLY DISTRICT,"William E. Britt, Jr.",CON,868,False,2014
155,83rd  ASSEMBLY DISTRICT,Carl E. Heastie,DEM,14040,True,2014
156,83rd  ASSEMBLY DISTRICT,Benjamin Holloway,REP,540,False,2014
157,84th  ASSEMBLY DISTRICT,Carmen E. Arroyo,DEM,8775,True,2014
158,84th  ASSEMBLY DISTRICT,Angel D. Molina,REP,691,False,2014
159,84th  ASSEMBLY DISTRICT,Franklin Chidi Oleh,CON,135,False,2014
160,85th  ASSEMBLY DISTRICT,Marcos A. Crespo,DEM,9408,True,2014
161,85th  ASSEMBLY DISTRICT,Janelle M. King,REP,357,False,2014
162,85th  ASSEMBLY DISTRICT,Barbara Santander,CON,180,False,2014
163,85th  ASSEMBLY DISTRICT,Daniel Zuger,GRE,91,False,2014
164,86th  ASSEMBLY DISTRICT,Victor M. Pichardo,DEM,7853,True,2014
165,86th  ASSEMBLY DISTRICT,Rene Santos,REP,315,False,2014
166,86th  ASSEMBLY DISTRICT,Jose Marte,CON,90,False,2014
167,87th  ASSEMBLY DISTRICT,Luis R. Sepulveda,DEM,11095,True,2014
168,87th  ASSEMBLY DISTRICT,Michael J. Dennis,REP,792,False,2014
169,88th  ASSEMBLY DISTRICT,Amy R. Paulin,DEM,23413,True,2014
170,89th  ASSEMBLY DISTRICT,J. Gary Pretlow,DEM,15739,True,2014
171,90th  ASSEMBLY DISTRICT,Shelley Mayer,DEM,15620,True,2014
172,91st  ASSEMBLY DISTRICT,Steven Otis,DEM,17161,True,2014
173,92nd  ASSEMBLY DISTRICT,Thomas J. Abinanti,DEM,21912,True,2014
174,92nd  ASSEMBLY DISTRICT,Mike Duffy,REP,13365,False,2014
175,93rd  ASSEMBLY DISTRICT,David Buchwald,DEM,22913,True,2014
176,94th  ASSEMBLY DISTRICT,Andrew I. Falk,DEM,17432,False,2014
177,94th  ASSEMBLY DISTRICT,Stephen M. Katz,REP,19620,True,2014
178,95th  ASSEMBLY DISTRICT,Sandra R. Galef,DEM,23173,True,2014
179,96th  ASSEMBLY DISTRICT,Kenneth P. Zebrowski,DEM,20534,True,2014
180,96th  ASSEMBLY DISTRICT,Matthew I. Brennan,REP,11026,False,2014
181,97th  ASSEMBLY DISTRICT,Ellen C. Jaffee,DEM,16375,True,2014
182,97th  ASSEMBLY DISTRICT,Robert Romanowski,REP,11557,False,2014
183,98th  ASSEMBLY DISTRICT,Elisa A. Tutini,DEM,12906,False,2014
184,98th  ASSEMBLY DISTRICT,Karl A. Brabenec,REP,12943,True,2014
185,98th  ASSEMBLY DISTRICT,Daniel G. Castricone,UMP,9118,False,2014
186,99th  ASSEMBLY DISTRICT,James G. Skoufis,DEM,17837,True,2014
187,99th  ASSEMBLY DISTRICT,Richard M. Cocchiara,REP,16186,False,2014
188,100th  ASSEMBLY DISTRICT,Aileen M. Gunther,DEM,19561,True,2014
189,101st  ASSEMBLY DISTRICT,Claudia Tenney,REP,21305,True,2014
190,101st  ASSEMBLY DISTRICT,Christopher P. Farber,IND,6768,False,2014
191,102nd  ASSEMBLY DISTRICT,Peter D. Lopez,REP,33523,True,2014
192,103rd  ASSEMBLY DISTRICT,Kevin A. Cahill,DEM,25537,True,2014
193,103rd  ASSEMBLY DISTRICT,Kevin Roberts,REP,16052,False,2014
194,104th  ASSEMBLY DISTRICT,Frank Skartados,DEM,14371,True,2014
195,104th  ASSEMBLY DISTRICT,Sakima A. Green-Brown,REP,9533,False,2014
196,105th  ASSEMBLY DISTRICT,Joseph Torres,DEM,11953,False,2014
197,105th  ASSEMBLY DISTRICT,Kieran M. Lalor,REP,22731,True,2014
198,106th  ASSEMBLY DISTRICT,Didi Barrett,DEM,18242,True,2014
199,106th  ASSEMBLY DISTRICT,Michael N. Kelsey,REP,17665,False,2014
200,107th  ASSEMBLY DISTRICT,Philip J. Malone,DEM,14426,False,2014
201,107th  ASSEMBLY DISTRICT,Steven F. McLaughlin,REP,28479,True,2014
202,108th  ASSEMBLY DISTRICT,"John T. McDonald, III",DEM,17884,True,2014
203,108th  ASSEMBLY DISTRICT,"Carl R. Gottstein, Jr.",REP,6450,False,2014
204,109th  ASSEMBLY DISTRICT,Patricia A. Fahy,DEM,27509,True,2014
205,109th  ASSEMBLY DISTRICT,Jesse D. Calhoun,REP,13828,False,2014
206,110th  ASSEMBLY DISTRICT,Phillip G. Steck,DEM,21378,True,2014
207,110th  ASSEMBLY DISTRICT,Thomas A. Jasiewicz,REP,18203,False,2014
208,111th  ASSEMBLY DISTRICT,Angelo L. Santabarbara,DEM,17270,True,2014
209,111th  ASSEMBLY DISTRICT,Peter A. Vroman,REP,15951,False,2014
210,112th  ASSEMBLY DISTRICT,Jared B. Hickey,DEM,10400,False,2014
211,112th  ASSEMBLY DISTRICT,James N. Tedisco,REP,33805,True,2014
212,113th  ASSEMBLY DISTRICT,Carrie Woerner,DEM,19518,True,2014
213,113th  ASSEMBLY DISTRICT,Steve Stallmer,REP,17737,False,2014
214,114th  ASSEMBLY DISTRICT,Daniel G. Stec,REP,29277,True,2014
215,115th  ASSEMBLY DISTRICT,Janet L. Duprey,REP,18813,True,2014
216,115th  ASSEMBLY DISTRICT,Karen M. Bisso,CON,9977,False,2014
217,116th  ASSEMBLY DISTRICT,Addie Jenne Russell,DEM,14667,True,2014
218,116th  ASSEMBLY DISTRICT,"John L. Byrne, III",REP,14572,False,2014
219,116th  ASSEMBLY DISTRICT,Russell J. Finley,CON,1529,False,2014
220,117th  ASSEMBLY DISTRICT,Kenneth Blankenbush,REP,23226,True,2014
221,118th  ASSEMBLY DISTRICT,Marc W. Butler,REP,27976,True,2014
222,119th  ASSEMBLY DISTRICT,Anthony J. Brindisi,DEM,18920,True,2014
223,120th  ASSEMBLY DISTRICT,William A. Barclay,REP,27725,True,2014
224,121st  ASSEMBLY DISTRICT,Bill Magee,DEM,17073,True,2014
225,121st  ASSEMBLY DISTRICT,John J. Salka,REP,15439,False,2014
226,122nd  ASSEMBLY DISTRICT,Clifford W. Crouch,REP,26739,True,2014
227,123rd  ASSEMBLY DISTRICT,Donna A. Lupardo,DEM,23156,True,2014
228,124th  ASSEMBLY DISTRICT,Christopher S. Friend,REP,27439,True,2014
229,125th  ASSEMBLY DISTRICT,Barbara S. Lifton,DEM,21335,True,2014
230,125th  ASSEMBLY DISTRICT,"Herbert Masser, Jr.",REP,10581,False,2014
231,126th  ASSEMBLY DISTRICT,Diane M. Dwire,DEM,19019,False,2014
232,126th  ASSEMBLY DISTRICT,Gary D. Finch,REP,23323,True,2014
233,127th  ASSEMBLY DISTRICT,"Albert A. Stirpe, Jr.",DEM,23220,True,2014
234,127th  ASSEMBLY DISTRICT,Robert J. Demarco,REP,20814,False,2014
235,128th  ASSEMBLY DISTRICT,Sam Roberts,DEM,19241,True,2014
236,128th  ASSEMBLY DISTRICT,John W. Sharon,REP,14818,False,2014
237,129th  ASSEMBLY DISTRICT,William B. Magnarelli,DEM,19788,True,2014
238,129th  ASSEMBLY DISTRICT,Richard G. Zaccaria,REP,7652,False,2014
239,130th  ASSEMBLY DISTRICT,Robert C. Oaks,REP,29368,True,2014
240,131st  ASSEMBLY DISTRICT,Brian M. Kolb,REP,31328,True,2014
241,132nd  ASSEMBLY DISTRICT,Philip A. Palmesano,REP,31261,True,2014
242,133rd  ASSEMBLY DISTRICT,Bill Nojay,REP,31802,True,2014
243,134th  ASSEMBLY DISTRICT,Gary E. Pudup,DEM,11553,False,2014
244,134th  ASSEMBLY DISTRICT,Peter A. Lawrence,REP,24269,True,2014
245,135th  ASSEMBLY DISTRICT,Mark C. Johns,REP,37820,True,2014
246,136th  ASSEMBLY DISTRICT,Joseph D. Morelle,DEM,27161,True,2014
247,137th  ASSEMBLY DISTRICT,David F. Gantt,DEM,13288,True,2014
248,138th  ASSEMBLY DISTRICT,Harry B. Bronson,DEM,16593,True,2014
249,138th  ASSEMBLY DISTRICT,Peterson A. Vazquez,REP,12790,False,2014
250,139th  ASSEMBLY DISTRICT,Stephen M. Hawley,REP,29170,True,2014
251,139th  ASSEMBLY DISTRICT,Mark E. Glogowski,LBT,1363,False,2014
252,140th  ASSEMBLY DISTRICT,Robin Schimminger,DEM,24158,True,2014
253,140th  ASSEMBLY DISTRICT,William J. Reece,REP,8736,False,2014
254,141st  ASSEMBLY DISTRICT,Crystal D. Peoples Stokes,DEM,19599,True,2014
255,142nd  ASSEMBLY DISTRICT,Michael P. Kearns,DEM,32449,True,2014
256,143rd  ASSEMBLY DISTRICT,Mark M. Mazurek,DEM,11891,False,2014
257,143rd  ASSEMBLY DISTRICT,Angela M. Wozniak,REP,19544,True,2014
258,143rd  ASSEMBLY DISTRICT,Camille Brandon,WOR,1546,False,2014
259,144th  ASSEMBLY DISTRICT,Jane L. Corwin,REP,29461,True,2014
260,145th  ASSEMBLY DISTRICT,John D. Ceretto,REP,23240,True,2014
261,146th  ASSEMBLY DISTRICT,Steven G. Meyer,DEM,14641,False,2014
262,146th  ASSEMBLY DISTRICT,Raymond W. Walter,REP,20852,True,2014
263,147th  ASSEMBLY DISTRICT,David J. DiPietro,REP,33500,True,2014
264,148th  ASSEMBLY DISTRICT,Joseph M. Giglio,REP,27134,True,2014
265,149th  ASSEMBLY DISTRICT,Sean M. Ryan,DEM,19243,True,2014
266,149th  ASSEMBLY DISTRICT,Jacob J. Bratek,REP,8216,False,2014
267,149th  ASSEMBLY DISTRICT,Charley Tarr,GRE,852,False,2014
268,150th  ASSEMBLY DISTRICT,Barrie E. Yochim,DEM,8622,False,2014
269,150th  ASSEMBLY DISTRICT,Andrew Goodell,REP,25348,True,2014
0,1st  CONGRESSIONAL DISTRICT,Timothy H. Bishop,DEM,78722,False,2014
1,1st  CONGRESSIONAL DISTRICT,Lee M. Zeldin,REP,94035,True,2014
2,2nd  CONGRESSIONAL DISTRICT,Patricia Maher,DEM,41814,False,2014
3,2nd  CONGRESSIONAL DISTRICT,Peter T. King,REP + TRP,95177,True,2014
4,2nd  CONGRESSIONAL DISTRICT,William D. Stevenson,GRE,2281,False,2014
5,3rd  CONGRESSIONAL DISTRICT,Steve J. Israel,DEM,90032,True,2014
6,3rd  CONGRESSIONAL DISTRICT,Grant M. Lally,REP,74269,False,2014
7,4th  CONGRESSIONAL DISTRICT,Kathleen M. Rice,DEM,89793,True,2014
8,4th  CONGRESSIONAL DISTRICT,Bruce A. Blakeman,REP,80127,False,2014
9,5th  CONGRESSIONAL DISTRICT,Gregory W. Meeks,DEM,75712,True,2014
10,5th  CONGRESSIONAL DISTRICT,Allen F. Steinhardt,AFC,3870,False,2014
11,6th  CONGRESSIONAL DISTRICT,Grace Meng,DEM,55368,True,2014
12,7th  CONGRESSIONAL DISTRICT,Nydia M. Velazquez,DEM,56593,True,2014
13,7th  CONGRESSIONAL DISTRICT,Jose Luis Fernandez,REP,5713,False,2014
14,7th  CONGRESSIONAL DISTRICT,Allan E. Romaguera,CON,1398,False,2014
15,8th  CONGRESSIONAL DISTRICT,Hakeem S. Jeffries,DEM,77255,True,2014
16,8th  CONGRESSIONAL DISTRICT,Alan Bellone,CON,6673,False,2014
17,9th  CONGRESSIONAL DISTRICT,Yvette D. Clarke,DEM,82659,True,2014
18,9th  CONGRESSIONAL DISTRICT,Daniel J. Cavanagh,CON,9727,False,2014
19,10th  CONGRESSIONAL DISTRICT,Jerrold L. Nadler,DEM,89080,True,2014
20,10th  CONGRESSIONAL DISTRICT,Ross Brady,CON,12042,False,2014
21,10th  CONGRESSIONAL DISTRICT,Michael J. Dilger,FEP,554,False,2014
22,11th  CONGRESSIONAL DISTRICT,"Domenic M. Recchia, Jr.",DEM,45244,False,2014
23,11th  CONGRESSIONAL DISTRICT,Michael G. Grimm,REP,58886,True,2014
24,11th  CONGRESSIONAL DISTRICT,Henry J. Bardel,GRE,2687,False,2014
25,12th  CONGRESSIONAL DISTRICT,Carolyn B. Maloney,DEM,90603,True,2014
26,12th  CONGRESSIONAL DISTRICT,Nicholas S. Di lorio,REP,22731,False,2014
27,13th  CONGRESSIONAL DISTRICT,Charles B. Rangel,DEM,68396,True,2014
28,13th  CONGRESSIONAL DISTRICT,Daniel Vila Rivera,GRE,9806,False,2014
29,14th  CONGRESSIONAL DISTRICT,Joseph Crowley,DEM,50352,True,2014
30,14th  CONGRESSIONAL DISTRICT,Elizabeth Perri,CON,6735,False,2014
31,15th  CONGRESSIONAL DISTRICT,Jose E. Serrano,DEM,54906,True,2014
32,15th  CONGRESSIONAL DISTRICT,Eduardo Ramirez,CON,1047,False,2014
33,15th  CONGRESSIONAL DISTRICT,William Edstrom,GRE,568,False,2014
34,16th  CONGRESSIONAL DISTRICT,Eliot L. Engel,DEM,99658,True,2014
35,17th  CONGRESSIONAL DISTRICT,Nita M. Lowey,DEM,98150,True,2014
36,17th  CONGRESSIONAL DISTRICT,Christopher E. Day,REP,75781,False,2014
37,18th  CONGRESSIONAL DISTRICT,Sean Patrick Maloney,DEM,88993,True,2014
38,18th  CONGRESSIONAL DISTRICT,Nan Hayworth,REP,85660,False,2014
39,18th  CONGRESSIONAL DISTRICT,Scott A. Smith,MSC,4294,False,2014
40,19th  CONGRESSIONAL DISTRICT,Sean S. Eldridge,DEM,72470,False,2014
41,19th  CONGRESSIONAL DISTRICT,Christopher P. Gibson,REP,131594,True,2014
42,20th  CONGRESSIONAL DISTRICT,Paul D. Tonko,DEM,125111,True,2014
43,20th  CONGRESSIONAL DISTRICT,James M. Fischer,REP,79104,False,2014
44,21st  CONGRESSIONAL DISTRICT,Aaron G. Woolf,DEM,59063,False,2014
45,21st  CONGRESSIONAL DISTRICT,Elise M. Stefanik,REP,96226,True,2014
46,21st  CONGRESSIONAL DISTRICT,Matthew J. Funiciello,GRE,19238,False,2014
47,22nd  CONGRESSIONAL DISTRICT,Richard L. Hanna,REP,129851,True,2014
48,23rd  CONGRESSIONAL DISTRICT,Martha Robertson,DEM,70242,False,2014
49,23rd  CONGRESSIONAL DISTRICT,"Thomas W. Reed, II",REP,113130,True,2014
50,24th  CONGRESSIONAL DISTRICT,Daniel B. Maffei,DEM,80304,False,2014
51,24th  CONGRESSIONAL DISTRICT,John M. Katko,REP,118474,True,2014
52,25th  CONGRESSIONAL DISTRICT,Louise M. Slaughter,DEM,96803,True,2014
53,25th  CONGRESSIONAL DISTRICT,Mark W. Assini,REP,95932,False,2014
54,26th  CONGRESSIONAL DISTRICT,Brian Higgins,DEM,113210,True,2014
55,26th  CONGRESSIONAL DISTRICT,Kathleen A. Weppner,REP,52909,False,2014
56,27th  CONGRESSIONAL DISTRICT,James D. O'Donnell,DEM,58911,False,2014
57,27th  CONGRESSIONAL DISTRICT,Chris Collins,REP,144675,True,2014
